Workbook

Sheet Leia-me
A1: Plano do simulador 3D de almoxarifado (SmartStock, RFID, visão computacional)
A3: Ideia central | B3: Separar o cérebro do visual: um motor de simulação calcula tudo e a camada 3D só mostra o que o motor gerou. As tecnologias são módulos que se ligam e desligam no motor.
A4: Abas | B4: Passo a passo: as 10 etapas, com fase, entregável e status. | Módulos: o que cada tecnologia altera e seu custo. | Premissas: parâmetros de efeito (sem x com a tecnologia). | Cenários: as 8 combinações para comparar. | Indicadores: o que medir.
A5: Como usar | B5: Células com fonte azul e fundo amarelo são para você preencher. As demais são fórmulas ou texto fixo. Na aba Cenários, preencha os indicadores com os resultados do simulador; o custo total e a economia calculam sozinhos.
A6: Atenção aos valores | B6: Os números de efeito e de custo que já estão preenchidos são EXEMPLOS ilustrativos, não dados reais. Substitua por valores de artigos, fornecedores ou de um piloto. Os resultados são tão confiáveis quanto essas premissas.
A7: Ordem recomendada | B7: Faça primeiro a Fase A (motor e comparação em tabela). Só depois a Fase B (3D). Assim a comparação já funciona e o 3D vira uma camada de apresentação, não um risco que trava o projeto.

Sheet Passo a passo
A1: Etapa | B1: Título | C1: O que fazer | D1: Entregável | E1: Ferramenta sugerida | F1: Fase | G1: Ordem recomendada | H1: Status
A2: 1 | B2: Definir o que comparar | C2: Escolher perguntas e indicadores antes de qualquer código: nível de serviço, rupturas, divergência de inventário, tempo de separação, tempo de recebimento, estoque médio, custo total e retorno do investimento. | D2: Lista de perguntas e de indicadores (aba Indicadores) | E2: Planilha / papel | F2: A - Motor e comparação | G2: 1 | H2: A fazer
A3: 2 | B3: Descrever o almoxarifado como dados | C3: Guardar o layout em um arquivo (JSON): corredores, prateleiras, posições, doca de recebimento e expedição, com coordenadas. O motor usa para distâncias e tempos; o 3D usa o mesmo arquivo para desenhar. | D3: layout.json do almoxarifado | E3: Python + JSON | F3: A - Motor e comparação | G3: 2 | H3: A fazer
A4: 3 | B4: Evoluir o motor para eventos e agentes | C4: Passar do tempo diário para eventos ao longo do dia: pedidos de retirada, operadores que andam até a prateleira, caminhões que chegam e descarregam. O motor diário atual vira o cérebro de reposição dentro dele. | D4: Motor de eventos rodando com operadores e recebimentos | E4: Python + SimPy | F4: A - Motor e comparação | G4: 3 | H4: A fazer
A5: 4 | B5: Separar estoque físico de estoque no sistema | C5: Modelar a divergência: retiradas sem baixa, itens no lugar errado, erros de contagem. Sem isso, RFID e visão computacional não teriam efeito a mostrar. | D5: Duas contagens por item (físico e sistema) e métrica de divergência | E5: Python (motor) | F5: A - Motor e comparação | G5: 4 | H5: A fazer
A6: 5 | B6: Fazer cada tecnologia ser um módulo com liga/desliga | C6: Cada módulo altera parâmetros específicos (aba Módulos e Premissas) e tem custo de implantação e manutenção. | D6: Módulos RFID, Visão e SmartStock configuráveis por arquivo | E6: Python (classes ou plugins) | F6: A - Motor e comparação | G6: 5 | H6: A fazer
A7: 6 | B7: Rodar cenários com a mesma aleatoriedade | C7: Com 3 módulos há 8 combinações. Rodar todas com a mesma semente (mesma demanda e mesmos atrasos) para que a diferença venha só das tecnologias. Guardar os indicadores em tabela. | D7: Tabela de resultados por cenário (aba Cenários) | E7: Python + pandas | F7: A - Motor e comparação | G7: 6 | H7: A fazer
A8: 7 | B8: Gerar um registro de eventos | C8: Gravar o que aconteceu durante a simulação (ex.: às 09:12 o operador 2 saiu da doca e foi para a posição B-14). Esse arquivo é a ponte para o 3D. | D8: events.json ou CSV com carimbo de tempo | E8: Python | F8: B - Visualização 3D | G8: 8 | H8: A fazer
A9: 8 | B9: Construir a visualização 3D | C9: Página web com prateleiras como caixas, operadores como pontos que se movem, cor da prateleira conforme o nível de estoque, e ícones/efeitos para RFID e câmeras. Reproduz o registro de eventos como um filme, com controle de velocidade. Começar com cubos coloridos. | D9: Página 3D que reproduz a simulação | E9: Three.js ou react-three-fiber (alternativas: Unity, Godot) | F9: B - Visualização 3D | G9: 9 | H9: A fazer
A10: 9 | B10: Montar a interface de comparação | C10: Painel com interruptores (RFID, visão, SmartStock), sliders de parâmetros e, ao lado do 3D, os indicadores. Ideal: dois cenários lado a lado mostrando a diferença nos números. | D10: Painel interativo com cenários lado a lado | E10: Streamlit ou a própria página web | F10: B - Visualização 3D | G10: 10 | H10: A fazer
A11: 10 | B11: Validar e calibrar | C11: Comparar o cenário sem nada com o que se sabe do almoxarifado real (taxa de ruptura, tempo médio de separação). Se a base não reproduz a realidade atual, os ganhos simulados não servem de argumento. | D11: Relatório de calibração do cenário base | E11: Dados reais + planilha | F11: A - Motor e comparação | G11: 7 | H11: A fazer
A13: Etapas concluídas: | C13: =COUNTIF(H2:H11,"Concluído")&" de "&COUNTA(A2:A11) -> 0 de 10

Sheet Módulos
A1: Módulos de tecnologia: o que alteram e quanto custam
A2: Valores de custo em fonte azul/fundo amarelo são EXEMPLOS: substitua por orçamentos reais.
A4: Módulo | B4: O que altera na simulação | C4: Custo de implantação (R$) | D4: Vida útil (anos) | E4: Manutenção (R$/ano) | F4: Custo anualizado (R$/ano) | G4: Observação
A5: RFID | B5: Reduz a divergência de inventário, acelera recebimento e contagem, localiza itens. | C5: 150000 | D5: 5 | E5: 12000 | F5: =IF(D5>0,C5/D5,0)+E5 -> 42000 | G5: Exemplo: etiquetas, leitores/portais e integração.
A6: Visão computacional | B6: Detecta retiradas e ocupação de prateleira, reduz erros de separação. | C6: 90000 | D6: 4 | E6: 9000 | F6: =IF(D6>0,C6/D6,0)+E6 -> 31500 | G6: Exemplo: câmeras, processamento e licença do software.
A7: SmartStock | B7: Troca a política de reposição (min/max fixo por adaptativa). | C7: 30000 | D7: 3 | E7: 6000 | F7: =IF(D7>0,C7/D7,0)+E7 -> 16000 | G7: Exemplo: desenvolvimento, integração e suporte.
A8: Total (todos os módulos) | C8: =SUM(C5:C7) -> 270000 | E8: =SUM(E5:E7) -> 27000 | F8: =SUM(F5:F7) -> 89500

Sheet Premissas
A1: Parâmetros de efeito: valor sem x com a tecnologia
A2: EXEMPLOS ilustrativos. Substitua por dados de artigos, fornecedores ou piloto, e registre a fonte.
A4: Módulo | B4: Parâmetro | C4: Unidade | D4: Sem a tecnologia | E4: Com a tecnologia | F4: Redução relativa | G4: Fonte / observação
A5: RFID | B5: Divergência de inventário (sistema x prateleira) | C5: % dos itens | D5: 0.08 | E5: 0.01 | F5: =IF(D5=0,0,(D5-E5)/D5) -> 0.875 | G5: Exemplo, definir com dados reais
A6: RFID | B6: Tempo de recebimento por lote | C6: min | D6: 45 | E6: 15 | F6: =IF(D6=0,0,(D6-E6)/D6) -> 0.66666667 | G6: Exemplo, definir com dados reais
A7: RFID | B7: Tempo de contagem cíclica por item | C7: s | D7: 30 | E7: 5 | F7: =IF(D7=0,0,(D7-E7)/D7) -> 0.83333333 | G7: Exemplo, definir com dados reais
A8: Visão computacional | B8: Erro de separação (item errado) | C8: % dos pedidos | D8: 0.03 | E8: 0.005 | F8: =IF(D8=0,0,(D8-E8)/D8) -> 0.83333333 | G8: Exemplo, definir com dados reais
A9: Visão computacional | B9: Retiradas sem baixa no sistema | C9: % das retiradas | D9: 0.05 | E9: 0.01 | F9: =IF(D9=0,0,(D9-E9)/D9) -> 0.8 | G9: Exemplo, definir com dados reais
A10: SmartStock | B10: Nível de serviço alvo da reposição | C10: % da demanda | D10: 0.94 | E10: 0.97 | F10: =IF(D10=0,0,(D10-E10)/D10) -> -0.031914894 | G10: Política min/max atual x alvo do SmartStock (simulação)
A12: Nota: a redução relativa de 'Nível de serviço' é negativa porque o valor sobe com a tecnologia; leia o sinal como melhora.

Sheet Cenários
A1: Cenários: 8 combinações de módulos (mesma semente aleatória em todos)
A2: Preencha as colunas amarelas com os resultados do simulador. O custo total e a economia calculam sozinhos (1 = ligado, 0 = desligado).
A4: Cenário | B4: RFID | C4: Visão comp. | D4: SmartStock | E4: Custo anual das tecnologias (R$) | F4: Nível de serviço | G4: Divergência de inventário | H4: Tempo médio de separação (min) | I4: Estoque médio (R$) | J4: Custo operacional anual (R$) | K4: Custo total anual (R$) | L4: Economia vs. base (R$)
A5: Base (nada) | B5: 0 | C5: 0 | D5: 0 | E5: =B5*Módulos!$F$5+C5*Módulos!$F$6+D5*Módulos!$F$7 -> 0 | K5: =IF(J5="","",J5+E5) | L5: =IF(OR(K5="",$K$5=""),"",$K$5-K5)
A6: Só RFID | B6: 1 | C6: 0 | D6: 0 | E6: =B6*Módulos!$F$5+C6*Módulos!$F$6+D6*Módulos!$F$7 -> 42000 | K6: =IF(J6="","",J6+E6) | L6: =IF(OR(K6="",$K$5=""),"",$K$5-K6)
A7: Só visão computacional | B7: 0 | C7: 1 | D7: 0 | E7: =B7*Módulos!$F$5+C7*Módulos!$F$6+D7*Módulos!$F$7 -> 31500 | K7: =IF(J7="","",J7+E7) | L7: =IF(OR(K7="",$K$5=""),"",$K$5-K7)
A8: Só SmartStock | B8: 0 | C8: 0 | D8: 1 | E8: =B8*Módulos!$F$5+C8*Módulos!$F$6+D8*Módulos!$F$7 -> 16000 | K8: =IF(J8="","",J8+E8) | L8: =IF(OR(K8="",$K$5=""),"",$K$5-K8)
A9: RFID + visão | B9: 1 | C9: 1 | D9: 0 | E9: =B9*Módulos!$F$5+C9*Módulos!$F$6+D9*Módulos!$F$7 -> 73500 | K9: =IF(J9="","",J9+E9) | L9: =IF(OR(K9="",$K$5=""),"",$K$5-K9)
A10: RFID + SmartStock | B10: 1 | C10: 0 | D10: 1 | E10: =B10*Módulos!$F$5+C10*Módulos!$F$6+D10*Módulos!$F$7 -> 58000 | K10: =IF(J10="","",J10+E10) | L10: =IF(OR(K10="",$K$5=""),"",$K$5-K10)
A11: Visão + SmartStock | B11: 0 | C11: 1 | D11: 1 | E11: =B11*Módulos!$F$5+C11*Módulos!$F$6+D11*Módulos!$F$7 -> 47500 | K11: =IF(J11="","",J11+E11) | L11: =IF(OR(K11="",$K$5=""),"",$K$5-K11)
A12: Todos | B12: 1 | C12: 1 | D12: 1 | E12: =B12*Módulos!$F$5+C12*Módulos!$F$6+D12*Módulos!$F$7 -> 89500 | K12: =IF(J12="","",J12+E12) | L12: =IF(OR(K12="",$K$5=""),"",$K$5-K12)
A14: Exemplo de preenchimento (não entra na análise)
A15: Exemplo | B15: 1 | C15: 0 | D15: 1 | F15: 0.985 | G15: 0.012 | H15: 6.5 | I15: 240000 | J15: 410000

Sheet Indicadores
A1: Indicador | B1: Definição | C1: Unidade | D1: Melhor quando | E1: Como medir na simulação
A2: Nível de serviço (fill rate) | B2: Parcela da demanda atendida sem falta. | C2: % | D2: Maior | E2: Vendido total / demanda total.
A3: Rupturas | B3: Dias em que algum pedido não foi totalmente atendido. | C3: dias | D3: Menor | E3: Contar dias com demanda não atendida, por item.
A4: Divergência de inventário | B4: Diferença entre o estoque do sistema e o físico. | C4: % dos itens | D4: Menor | E4: Comparar as duas contagens do passo 4.
A5: Tempo de separação | B5: Tempo para separar um pedido, do início ao fim. | C5: min | D5: Menor | E5: Média dos tempos dos agentes no motor de eventos.
A6: Tempo de recebimento | B6: Tempo para conferir e guardar um lote. | C6: min | D6: Menor | E6: Duração do evento de recebimento.
A7: Estoque médio | B7: Valor médio em estoque no período. | C7: R$ | D7: Menor (com serviço mantido) | E7: Média diária de estoque x custo unitário.
A8: Custo total | B8: Posse + pedidos + ruptura + operação + tecnologias. | C8: R$/ano | D8: Menor | E8: Soma dos componentes (aba Cenários).
A9: Retorno do investimento | B9: Economia anual dividida pelo investimento nas tecnologias. | C9: % | D9: Maior | E9: Economia vs. base / custo de implantação (aba Módulos).
